2024-01-30 11:57:23,933: root: INFO: MLTrader : Executing the initialize lifecycle method
2024-01-30 11:57:25,463: root: INFO: Current backtesting datetime 2023-12-15 08:30:00-05:00
2024-01-30 11:57:25,464: root: INFO: MLTrader : Executing the before_market_opens lifecycle method
2024-01-30 11:57:25,465: root: INFO: Current backtesting datetime 2023-12-15 09:30:00-05:00
2024-01-30 11:57:25,465: root: INFO: MLTrader : Executing the before_starting_trading lifecycle method
2024-01-30 11:57:25,467: root: INFO: MLTrader : Executing the on_trading_iteration lifecycle method at 2024-01-30 11:57:25
2024-01-30 11:57:25,467: root: WARNING: quote is not implemented for YahooData, but USD was passed as the quote
2024-01-30 11:57:25,474: root: WARNING: quote is not implemented for YahooData, but USD was passed as the quote
2024-01-30 11:57:25,475: root: INFO: New market order of | 106.0 SPY buy | at price $563.3879882812499 of class bracket with status unprocessed was submitted.
2024-01-30 11:57:25,478: root: INFO: MLTrader : Trading iteration ended at 2024-01-30 11:57:25
2024-01-30 11:57:25,478: root: INFO: Getting historical prices for SPY, 1 bars, 
2024-01-30 11:57:25,478: root: WARNING: quote is not implemented for YahooData, but USD was passed as the quote
2024-01-30 11:57:25,479: root: WARNING: quote is not implemented for YahooData, but USD was passed as the quote
2024-01-30 11:57:25,479: root: INFO: market order of | 106.0 SPY buy | at price $563.3879882812499 of class bracket with status new was sent to broker backtesting
2024-01-30 11:57:25,480: root: INFO: market order of | 106.0 SPY buy | at price $563.3879882812499 of class bracket with status new was sent to broker backtesting
2024-01-30 11:57:25,480: root: INFO: Filled Transaction: buy 106.0 of SPY at 469.48999023 USD per share
2024-01-30 11:57:25,480: root: INFO: market order of | 106.0 SPY buy | at price $563.3879882812499 of class bracket with status new was filled
2024-01-30 11:57:25,485: root: INFO: MLTrader : Sleeping for 86400 seconds
2024-01-30 11:57:25,486: root: INFO: Current backtesting datetime 2023-12-15 16:00:00-05:00
2024-01-30 11:57:25,486: root: INFO: Current backtesting datetime 2023-12-16 09:30:00-05:00
2024-01-30 11:57:25,488: root: INFO: MLTrader : The market is not currently open, skipping this trading iteration
2024-01-30 11:57:25,488: root: INFO: Getting historical prices for SPY, 1 bars, 
2024-01-30 11:57:25,488: root: WARNING: quote is not implemented for YahooData, but USD was passed as the quote
2024-01-30 11:57:25,489: root: WARNING: quote is not implemented for YahooData, but USD was passed as the quote
2024-01-30 11:57:25,489: root: INFO: Getting historical prices for SPY, 1 bars, 
2024-01-30 11:57:25,490: root: WARNING: quote is not implemented for YahooData, but USD was passed as the quote
2024-01-30 11:57:25,490: root: WARNING: quote is not implemented for YahooData, but USD was passed as the quote
2024-01-30 11:57:25,492: root: INFO: Getting historical prices for SPY, 1 bars, 
2024-01-30 11:57:25,492: root: WARNING: quote is not implemented for YahooData, but USD was passed as the quote
2024-01-30 11:57:25,493: root: WARNING: quote is not implemented for YahooData, but USD was passed as the quote
2024-01-30 11:57:25,493: root: INFO: Getting historical prices for SPY, 1 bars, 
2024-01-30 11:57:25,493: root: WARNING: quote is not implemented for YahooData, but USD was passed as the quote
2024-01-30 11:57:25,494: root: WARNING: quote is not implemented for YahooData, but USD was passed as the quote
2024-01-30 11:57:25,495: root: INFO: Current backtesting datetime 2023-12-16 09:29:00-05:00
2024-01-30 11:57:25,496: root: INFO: Getting historical prices for SPY, 1 bars, 
2024-01-30 11:57:25,496: root: WARNING: quote is not implemented for YahooData, but USD was passed as the quote
2024-01-30 11:57:25,497: root: WARNING: quote is not implemented for YahooData, but USD was passed as the quote
2024-01-30 11:57:25,497: root: INFO: Getting historical prices for SPY, 1 bars, 
2024-01-30 11:57:25,497: root: WARNING: quote is not implemented for YahooData, but USD was passed as the quote
2024-01-30 11:57:25,498: root: WARNING: quote is not implemented for YahooData, but USD was passed as the quote
2024-01-30 11:57:25,499: root: INFO: Current backtesting datetime 2023-12-16 09:29:00-05:00
2024-01-30 11:57:25,499: root: INFO: MLTrader : Executing the after_market_closes lifecycle method
2024-01-30 11:57:25,500: root: INFO: Getting historical prices for SPY, 1 bars, 
2024-01-30 11:57:25,500: root: WARNING: quote is not implemented for YahooData, but USD was passed as the quote
2024-01-30 11:57:25,500: root: WARNING: quote is not implemented for YahooData, but USD was passed as the quote
2024-01-30 11:57:25,501: root: INFO: Getting historical prices for SPY, 1 bars, 
2024-01-30 11:57:25,501: root: WARNING: quote is not implemented for YahooData, but USD was passed as the quote
2024-01-30 11:57:25,502: root: WARNING: quote is not implemented for YahooData, but USD was passed as the quote
2024-01-30 11:57:25,503: root: INFO: Current backtesting datetime 2023-12-18 08:30:00-05:00
2024-01-30 11:57:25,503: root: WARNING: quote is not implemented for YahooData, but USD was passed as the quote
2024-01-30 11:57:25,505: root: WARNING: quote is not implemented for YahooData, but USD was passed as the quote
2024-01-30 11:57:25,507: root: INFO: MLTrader : Executing the before_market_opens lifecycle method
2024-01-30 11:57:25,507: root: INFO: Getting historical prices for SPY, 1 bars, 
2024-01-30 11:57:25,507: root: WARNING: quote is not implemented for YahooData, but USD was passed as the quote
2024-01-30 11:57:25,508: root: WARNING: quote is not implemented for YahooData, but USD was passed as the quote
2024-01-30 11:57:25,508: root: INFO: Getting historical prices for SPY, 1 bars, 
2024-01-30 11:57:25,508: root: WARNING: quote is not implemented for YahooData, but USD was passed as the quote
2024-01-30 11:57:25,509: root: WARNING: quote is not implemented for YahooData, but USD was passed as the quote
2024-01-30 11:57:25,510: root: INFO: Current backtesting datetime 2023-12-18 09:30:00-05:00
2024-01-30 11:57:25,511: root: INFO: MLTrader : Executing the before_starting_trading lifecycle method
2024-01-30 11:57:25,513: root: INFO: MLTrader : Executing the on_trading_iteration lifecycle method at 2024-01-30 11:57:25
2024-01-30 11:57:25,514: root: WARNING: quote is not implemented for YahooData, but USD was passed as the quote
2024-01-30 11:57:25,515: root: WARNING: quote is not implemented for YahooData, but USD was passed as the quote
2024-01-30 11:57:25,515: root: INFO: MLTrader : Trading iteration ended at 2024-01-30 11:57:25
2024-01-30 11:57:25,515: root: INFO: Getting historical prices for SPY, 1 bars, 
2024-01-30 11:57:25,515: root: WARNING: quote is not implemented for YahooData, but USD was passed as the quote
2024-01-30 11:57:25,516: root: WARNING: quote is not implemented for YahooData, but USD was passed as the quote
2024-01-30 11:57:25,516: root: INFO: Getting historical prices for SPY, 1 bars, 
2024-01-30 11:57:25,516: root: WARNING: quote is not implemented for YahooData, but USD was passed as the quote
2024-01-30 11:57:25,517: root: WARNING: quote is not implemented for YahooData, but USD was passed as the quote
2024-01-30 11:57:25,519: root: INFO: MLTrader : Sleeping for 86400 seconds
2024-01-30 11:57:25,520: root: INFO: Current backtesting datetime 2023-12-18 16:00:00-05:00
2024-01-30 11:57:25,520: root: INFO: Current backtesting datetime 2023-12-19 09:30:00-05:00
2024-01-30 11:57:25,522: root: INFO: MLTrader : Executing the on_trading_iteration lifecycle method at 2024-01-30 11:57:25
2024-01-30 11:57:25,522: root: WARNING: quote is not implemented for YahooData, but USD was passed as the quote
2024-01-30 11:57:25,523: root: WARNING: quote is not implemented for YahooData, but USD was passed as the quote
2024-01-30 11:57:25,523: root: INFO: MLTrader : Trading iteration ended at 2024-01-30 11:57:25
2024-01-30 11:57:25,524: root: INFO: Getting historical prices for SPY, 1 bars, 
2024-01-30 11:57:25,524: root: WARNING: quote is not implemented for YahooData, but USD was passed as the quote
2024-01-30 11:57:25,524: root: WARNING: quote is not implemented for YahooData, but USD was passed as the quote
2024-01-30 11:57:25,525: root: INFO: Getting historical prices for SPY, 1 bars, 
2024-01-30 11:57:25,525: root: WARNING: quote is not implemented for YahooData, but USD was passed as the quote
2024-01-30 11:57:25,526: root: WARNING: quote is not implemented for YahooData, but USD was passed as the quote
2024-01-30 11:57:25,527: root: INFO: MLTrader : Sleeping for 86400 seconds
2024-01-30 11:57:25,528: root: INFO: Current backtesting datetime 2023-12-19 16:00:00-05:00
2024-01-30 11:57:25,528: root: INFO: Current backtesting datetime 2023-12-20 09:30:00-05:00
2024-01-30 11:57:25,530: root: INFO: MLTrader : Executing the on_trading_iteration lifecycle method at 2024-01-30 11:57:25
2024-01-30 11:57:25,531: root: WARNING: quote is not implemented for YahooData, but USD was passed as the quote
2024-01-30 11:57:25,532: root: WARNING: quote is not implemented for YahooData, but USD was passed as the quote
2024-01-30 11:57:25,532: root: INFO: MLTrader : Trading iteration ended at 2024-01-30 11:57:25
2024-01-30 11:57:25,532: root: INFO: Getting historical prices for SPY, 1 bars, 
2024-01-30 11:57:25,532: root: WARNING: quote is not implemented for YahooData, but USD was passed as the quote
2024-01-30 11:57:25,533: root: WARNING: quote is not implemented for YahooData, but USD was passed as the quote
2024-01-30 11:57:25,533: root: INFO: Getting historical prices for SPY, 1 bars, 
2024-01-30 11:57:25,534: root: WARNING: quote is not implemented for YahooData, but USD was passed as the quote
2024-01-30 11:57:25,534: root: WARNING: quote is not implemented for YahooData, but USD was passed as the quote
2024-01-30 11:57:25,536: root: INFO: MLTrader : Sleeping for 86400 seconds
2024-01-30 11:57:25,537: root: INFO: Current backtesting datetime 2023-12-20 16:00:00-05:00
2024-01-30 11:57:25,537: root: INFO: Current backtesting datetime 2023-12-21 09:30:00-05:00
2024-01-30 11:57:25,539: root: INFO: MLTrader : Executing the on_trading_iteration lifecycle method at 2024-01-30 11:57:25
2024-01-30 11:57:25,539: root: WARNING: quote is not implemented for YahooData, but USD was passed as the quote
2024-01-30 11:57:25,540: root: WARNING: quote is not implemented for YahooData, but USD was passed as the quote
2024-01-30 11:57:25,540: root: INFO: MLTrader : Trading iteration ended at 2024-01-30 11:57:25
2024-01-30 11:57:25,540: root: INFO: Getting historical prices for SPY, 1 bars, 
2024-01-30 11:57:25,541: root: WARNING: quote is not implemented for YahooData, but USD was passed as the quote
2024-01-30 11:57:25,541: root: WARNING: quote is not implemented for YahooData, but USD was passed as the quote
2024-01-30 11:57:25,542: root: INFO: Getting historical prices for SPY, 1 bars, 
2024-01-30 11:57:25,542: root: WARNING: quote is not implemented for YahooData, but USD was passed as the quote
2024-01-30 11:57:25,543: root: WARNING: quote is not implemented for YahooData, but USD was passed as the quote
2024-01-30 11:57:25,544: root: INFO: MLTrader : Sleeping for 86400 seconds
2024-01-30 11:57:25,545: root: INFO: Current backtesting datetime 2023-12-21 16:00:00-05:00
2024-01-30 11:57:25,545: root: INFO: Current backtesting datetime 2023-12-22 09:30:00-05:00
2024-01-30 11:57:25,547: root: INFO: MLTrader : Executing the on_trading_iteration lifecycle method at 2024-01-30 11:57:25
2024-01-30 11:57:25,547: root: WARNING: quote is not implemented for YahooData, but USD was passed as the quote
2024-01-30 11:57:25,549: root: WARNING: quote is not implemented for YahooData, but USD was passed as the quote
2024-01-30 11:57:25,549: root: INFO: MLTrader : Trading iteration ended at 2024-01-30 11:57:25
2024-01-30 11:57:25,549: root: INFO: Getting historical prices for SPY, 1 bars, 
2024-01-30 11:57:25,549: root: WARNING: quote is not implemented for YahooData, but USD was passed as the quote
2024-01-30 11:57:25,550: root: WARNING: quote is not implemented for YahooData, but USD was passed as the quote
2024-01-30 11:57:25,551: root: INFO: Getting historical prices for SPY, 1 bars, 
2024-01-30 11:57:25,551: root: WARNING: quote is not implemented for YahooData, but USD was passed as the quote
2024-01-30 11:57:25,551: root: WARNING: quote is not implemented for YahooData, but USD was passed as the quote
2024-01-30 11:57:25,553: root: INFO: MLTrader : Sleeping for 86400 seconds
2024-01-30 11:57:25,554: root: INFO: Current backtesting datetime 2023-12-22 16:00:00-05:00
2024-01-30 11:57:25,554: root: INFO: Current backtesting datetime 2023-12-23 09:30:00-05:00
2024-01-30 11:57:25,556: root: INFO: MLTrader : The market is not currently open, skipping this trading iteration
2024-01-30 11:57:25,556: root: INFO: Getting historical prices for SPY, 1 bars, 
2024-01-30 11:57:25,556: root: WARNING: quote is not implemented for YahooData, but USD was passed as the quote
2024-01-30 11:57:25,557: root: WARNING: quote is not implemented for YahooData, but USD was passed as the quote
2024-01-30 11:57:25,557: root: INFO: Getting historical prices for SPY, 1 bars, 
2024-01-30 11:57:25,557: root: WARNING: quote is not implemented for YahooData, but USD was passed as the quote
2024-01-30 11:57:25,558: root: WARNING: quote is not implemented for YahooData, but USD was passed as the quote
2024-01-30 11:57:25,559: root: INFO: Getting historical prices for SPY, 1 bars, 
2024-01-30 11:57:25,559: root: WARNING: quote is not implemented for YahooData, but USD was passed as the quote
2024-01-30 11:57:25,560: root: WARNING: quote is not implemented for YahooData, but USD was passed as the quote
2024-01-30 11:57:25,561: root: INFO: Getting historical prices for SPY, 1 bars, 
2024-01-30 11:57:25,561: root: WARNING: quote is not implemented for YahooData, but USD was passed as the quote
2024-01-30 11:57:25,561: root: WARNING: quote is not implemented for YahooData, but USD was passed as the quote
2024-01-30 11:57:25,563: root: INFO: Current backtesting datetime 2023-12-23 09:29:00-05:00
2024-01-30 11:57:25,563: root: INFO: Getting historical prices for SPY, 1 bars, 
2024-01-30 11:57:25,563: root: WARNING: quote is not implemented for YahooData, but USD was passed as the quote
2024-01-30 11:57:25,564: root: WARNING: quote is not implemented for YahooData, but USD was passed as the quote
2024-01-30 11:57:25,565: root: INFO: Getting historical prices for SPY, 1 bars, 
2024-01-30 11:57:25,565: root: WARNING: quote is not implemented for YahooData, but USD was passed as the quote
2024-01-30 11:57:25,565: root: WARNING: quote is not implemented for YahooData, but USD was passed as the quote
2024-01-30 11:57:25,567: root: INFO: Current backtesting datetime 2023-12-23 09:29:00-05:00
2024-01-30 11:57:25,567: root: INFO: MLTrader : Executing the after_market_closes lifecycle method
2024-01-30 11:57:25,567: root: INFO: Getting historical prices for SPY, 1 bars, 
2024-01-30 11:57:25,567: root: WARNING: quote is not implemented for YahooData, but USD was passed as the quote
2024-01-30 11:57:25,568: root: WARNING: quote is not implemented for YahooData, but USD was passed as the quote
2024-01-30 11:57:25,568: root: INFO: Getting historical prices for SPY, 1 bars, 
2024-01-30 11:57:25,568: root: WARNING: quote is not implemented for YahooData, but USD was passed as the quote
2024-01-30 11:57:25,569: root: WARNING: quote is not implemented for YahooData, but USD was passed as the quote
2024-01-30 11:57:25,570: root: INFO: Current backtesting datetime 2023-12-26 08:30:00-05:00
2024-01-30 11:57:25,571: root: WARNING: quote is not implemented for YahooData, but USD was passed as the quote
2024-01-30 11:57:25,572: root: WARNING: quote is not implemented for YahooData, but USD was passed as the quote
2024-01-30 11:57:25,573: root: INFO: MLTrader : Executing the before_market_opens lifecycle method
2024-01-30 11:57:25,573: root: INFO: Getting historical prices for SPY, 1 bars, 
2024-01-30 11:57:25,573: root: WARNING: quote is not implemented for YahooData, but USD was passed as the quote
2024-01-30 11:57:25,574: root: WARNING: quote is not implemented for YahooData, but USD was passed as the quote
2024-01-30 11:57:25,574: root: INFO: Getting historical prices for SPY, 1 bars, 
2024-01-30 11:57:25,575: root: WARNING: quote is not implemented for YahooData, but USD was passed as the quote
2024-01-30 11:57:25,575: root: WARNING: quote is not implemented for YahooData, but USD was passed as the quote
2024-01-30 11:57:25,577: root: INFO: Current backtesting datetime 2023-12-26 09:30:00-05:00
2024-01-30 11:57:25,577: root: INFO: MLTrader : Executing the before_starting_trading lifecycle method
2024-01-30 11:57:25,579: root: INFO: MLTrader : Executing the on_trading_iteration lifecycle method at 2024-01-30 11:57:25
2024-01-30 11:57:25,580: root: WARNING: quote is not implemented for YahooData, but USD was passed as the quote
2024-01-30 11:57:25,581: root: WARNING: quote is not implemented for YahooData, but USD was passed as the quote
2024-01-30 11:57:25,581: root: INFO: MLTrader : Trading iteration ended at 2024-01-30 11:57:25
2024-01-30 11:57:25,581: root: INFO: Getting historical prices for SPY, 1 bars, 
2024-01-30 11:57:25,581: root: WARNING: quote is not implemented for YahooData, but USD was passed as the quote
2024-01-30 11:57:25,582: root: WARNING: quote is not implemented for YahooData, but USD was passed as the quote
2024-01-30 11:57:25,582: root: INFO: Getting historical prices for SPY, 1 bars, 
2024-01-30 11:57:25,583: root: WARNING: quote is not implemented for YahooData, but USD was passed as the quote
2024-01-30 11:57:25,583: root: WARNING: quote is not implemented for YahooData, but USD was passed as the quote
2024-01-30 11:57:25,585: root: INFO: MLTrader : Sleeping for 86400 seconds
2024-01-30 11:57:25,586: root: INFO: Current backtesting datetime 2023-12-26 16:00:00-05:00
2024-01-30 11:57:25,586: root: INFO: Current backtesting datetime 2023-12-27 09:30:00-05:00
2024-01-30 11:57:25,588: root: INFO: MLTrader : Executing the on_trading_iteration lifecycle method at 2024-01-30 11:57:25
2024-01-30 11:57:25,588: root: WARNING: quote is not implemented for YahooData, but USD was passed as the quote
2024-01-30 11:57:25,589: root: WARNING: quote is not implemented for YahooData, but USD was passed as the quote
2024-01-30 11:57:25,590: root: INFO: MLTrader : Trading iteration ended at 2024-01-30 11:57:25
2024-01-30 11:57:25,590: root: INFO: Getting historical prices for SPY, 1 bars, 
2024-01-30 11:57:25,590: root: WARNING: quote is not implemented for YahooData, but USD was passed as the quote
2024-01-30 11:57:25,591: root: WARNING: quote is not implemented for YahooData, but USD was passed as the quote
2024-01-30 11:57:25,591: root: INFO: Getting historical prices for SPY, 1 bars, 
2024-01-30 11:57:25,591: root: WARNING: quote is not implemented for YahooData, but USD was passed as the quote
2024-01-30 11:57:25,592: root: WARNING: quote is not implemented for YahooData, but USD was passed as the quote
2024-01-30 11:57:25,593: root: INFO: MLTrader : Sleeping for 86400 seconds
2024-01-30 11:57:25,594: root: INFO: Current backtesting datetime 2023-12-27 16:00:00-05:00
2024-01-30 11:57:25,594: root: INFO: Current backtesting datetime 2023-12-28 09:30:00-05:00
2024-01-30 11:57:25,596: root: INFO: MLTrader : Executing the on_trading_iteration lifecycle method at 2024-01-30 11:57:25
2024-01-30 11:57:25,596: root: WARNING: quote is not implemented for YahooData, but USD was passed as the quote
2024-01-30 11:57:25,598: root: WARNING: quote is not implemented for YahooData, but USD was passed as the quote
2024-01-30 11:57:25,598: root: INFO: MLTrader : Trading iteration ended at 2024-01-30 11:57:25
2024-01-30 11:57:25,598: root: INFO: Getting historical prices for SPY, 1 bars, 
2024-01-30 11:57:25,598: root: WARNING: quote is not implemented for YahooData, but USD was passed as the quote
2024-01-30 11:57:25,599: root: WARNING: quote is not implemented for YahooData, but USD was passed as the quote
2024-01-30 11:57:25,599: root: INFO: Getting historical prices for SPY, 1 bars, 
2024-01-30 11:57:25,599: root: WARNING: quote is not implemented for YahooData, but USD was passed as the quote
2024-01-30 11:57:25,600: root: WARNING: quote is not implemented for YahooData, but USD was passed as the quote
2024-01-30 11:57:25,601: root: INFO: MLTrader : Sleeping for 86400 seconds
2024-01-30 11:57:25,603: root: INFO: Current backtesting datetime 2023-12-28 16:00:00-05:00
2024-01-30 11:57:25,603: root: INFO: Current backtesting datetime 2023-12-29 09:30:00-05:00
2024-01-30 11:57:25,604: root: INFO: MLTrader : Executing the on_trading_iteration lifecycle method at 2024-01-30 11:57:25
2024-01-30 11:57:25,605: root: WARNING: quote is not implemented for YahooData, but USD was passed as the quote
2024-01-30 11:57:25,606: root: WARNING: quote is not implemented for YahooData, but USD was passed as the quote
2024-01-30 11:57:25,606: root: INFO: MLTrader : Trading iteration ended at 2024-01-30 11:57:25
2024-01-30 11:57:25,606: root: INFO: Getting historical prices for SPY, 1 bars, 
2024-01-30 11:57:25,606: root: WARNING: quote is not implemented for YahooData, but USD was passed as the quote
2024-01-30 11:57:25,607: root: WARNING: quote is not implemented for YahooData, but USD was passed as the quote
2024-01-30 11:57:25,607: root: INFO: Getting historical prices for SPY, 1 bars, 
2024-01-30 11:57:25,608: root: WARNING: quote is not implemented for YahooData, but USD was passed as the quote
2024-01-30 11:57:25,608: root: WARNING: quote is not implemented for YahooData, but USD was passed as the quote
2024-01-30 11:57:25,610: root: INFO: MLTrader : Sleeping for 86400 seconds
2024-01-30 11:57:25,611: root: INFO: Current backtesting datetime 2023-12-29 16:00:00-05:00
2024-01-30 11:57:25,611: root: INFO: Current backtesting datetime 2023-12-30 09:30:00-05:00
2024-01-30 11:57:25,613: root: INFO: MLTrader : The market is not currently open, skipping this trading iteration
2024-01-30 11:57:25,613: root: INFO: Getting historical prices for SPY, 1 bars, 
2024-01-30 11:57:25,613: root: WARNING: quote is not implemented for YahooData, but USD was passed as the quote
2024-01-30 11:57:25,614: root: WARNING: quote is not implemented for YahooData, but USD was passed as the quote
2024-01-30 11:57:25,614: root: INFO: Getting historical prices for SPY, 1 bars, 
2024-01-30 11:57:25,614: root: WARNING: quote is not implemented for YahooData, but USD was passed as the quote
2024-01-30 11:57:25,615: root: WARNING: quote is not implemented for YahooData, but USD was passed as the quote
2024-01-30 11:57:25,616: root: INFO: Getting historical prices for SPY, 1 bars, 
2024-01-30 11:57:25,616: root: WARNING: quote is not implemented for YahooData, but USD was passed as the quote
2024-01-30 11:57:25,617: root: WARNING: quote is not implemented for YahooData, but USD was passed as the quote
2024-01-30 11:57:25,617: root: INFO: Getting historical prices for SPY, 1 bars, 
2024-01-30 11:57:25,617: root: WARNING: quote is not implemented for YahooData, but USD was passed as the quote
2024-01-30 11:57:25,618: root: WARNING: quote is not implemented for YahooData, but USD was passed as the quote
2024-01-30 11:57:25,619: root: INFO: Current backtesting datetime 2023-12-30 09:29:00-05:00
2024-01-30 11:57:25,620: root: INFO: Getting historical prices for SPY, 1 bars, 
2024-01-30 11:57:25,620: root: WARNING: quote is not implemented for YahooData, but USD was passed as the quote
2024-01-30 11:57:25,621: root: WARNING: quote is not implemented for YahooData, but USD was passed as the quote
2024-01-30 11:57:25,621: root: INFO: Getting historical prices for SPY, 1 bars, 
2024-01-30 11:57:25,621: root: WARNING: quote is not implemented for YahooData, but USD was passed as the quote
2024-01-30 11:57:25,622: root: WARNING: quote is not implemented for YahooData, but USD was passed as the quote
2024-01-30 11:57:25,624: root: INFO: Current backtesting datetime 2023-12-30 09:29:00-05:00
2024-01-30 11:57:25,624: root: INFO: MLTrader : Executing the after_market_closes lifecycle method
2024-01-30 11:57:25,624: root: INFO: Getting historical prices for SPY, 1 bars, 
2024-01-30 11:57:25,624: root: WARNING: quote is not implemented for YahooData, but USD was passed as the quote
2024-01-30 11:57:25,625: root: WARNING: quote is not implemented for YahooData, but USD was passed as the quote
2024-01-30 11:57:25,625: root: INFO: Getting historical prices for SPY, 1 bars, 
2024-01-30 11:57:25,625: root: WARNING: quote is not implemented for YahooData, but USD was passed as the quote
2024-01-30 11:57:25,626: root: WARNING: quote is not implemented for YahooData, but USD was passed as the quote
2024-01-30 11:57:25,627: root: INFO: Current backtesting datetime 2024-01-02 08:30:00-05:00
2024-01-30 11:57:25,627: root: WARNING: quote is not implemented for YahooData, but USD was passed as the quote
2024-01-30 11:57:25,629: root: WARNING: quote is not implemented for YahooData, but USD was passed as the quote
2024-01-30 11:57:25,630: root: INFO: MLTrader : Executing the before_market_opens lifecycle method
2024-01-30 11:57:25,630: root: INFO: Getting historical prices for SPY, 1 bars, 
2024-01-30 11:57:25,630: root: WARNING: quote is not implemented for YahooData, but USD was passed as the quote
2024-01-30 11:57:25,631: root: WARNING: quote is not implemented for YahooData, but USD was passed as the quote
2024-01-30 11:57:25,631: root: INFO: Getting historical prices for SPY, 1 bars, 
2024-01-30 11:57:25,631: root: WARNING: quote is not implemented for YahooData, but USD was passed as the quote
2024-01-30 11:57:25,632: root: WARNING: quote is not implemented for YahooData, but USD was passed as the quote
2024-01-30 11:57:25,634: root: INFO: Current backtesting datetime 2024-01-02 09:30:00-05:00
2024-01-30 11:57:25,634: root: INFO: MLTrader : Executing the before_starting_trading lifecycle method
2024-01-30 11:57:25,635: root: INFO: Getting historical prices for SPY, 1 bars, 
2024-01-30 11:57:25,635: root: WARNING: quote is not implemented for YahooData, but USD was passed as the quote
2024-01-30 11:57:25,636: root: WARNING: quote is not implemented for YahooData, but USD was passed as the quote
2024-01-30 11:57:25,636: root: INFO: Getting historical prices for SPY, 1 bars, 
2024-01-30 11:57:25,636: root: WARNING: quote is not implemented for YahooData, but USD was passed as the quote
2024-01-30 11:57:25,637: root: WARNING: quote is not implemented for YahooData, but USD was passed as the quote
2024-01-30 11:57:25,640: root: INFO: Current backtesting datetime 2024-01-02 15:59:00-05:00
2024-01-30 11:57:25,641: root: INFO: MLTrader : Executing the before_market_closes lifecycle method
2024-01-30 11:57:25,641: root: INFO: Getting historical prices for SPY, 1 bars, 
2024-01-30 11:57:25,641: root: WARNING: quote is not implemented for YahooData, but USD was passed as the quote
2024-01-30 11:57:25,642: root: WARNING: quote is not implemented for YahooData, but USD was passed as the quote
2024-01-30 11:57:25,643: root: INFO: Getting historical prices for SPY, 1 bars, 
2024-01-30 11:57:25,643: root: WARNING: quote is not implemented for YahooData, but USD was passed as the quote
2024-01-30 11:57:25,645: root: WARNING: quote is not implemented for YahooData, but USD was passed as the quote
2024-01-30 11:57:25,647: root: INFO: Current backtesting datetime 2024-01-02 16:00:00-05:00
2024-01-30 11:57:25,647: root: INFO: MLTrader : Executing the after_market_closes lifecycle method
2024-01-30 11:57:25,647: root: INFO: MLTrader : Executing the on_strategy_end lifecycle method
2024-01-30 11:57:25,668: root: INFO: Backtesting finished
2024-01-30 11:57:27,910: matplotlib.font_manager: WARNING: findfont: Font family 'Arial' not found.
2024-01-30 11:57:27,915: matplotlib.font_manager: WARNING: findfont: Font family 'Arial' not found.
2024-01-30 11:57:27,987: matplotlib.font_manager: WARNING: findfont: Font family 'Arial' not found.
2024-01-30 11:57:27,987: matplotlib.font_manager: WARNING: findfont: Font family 'Arial' not found.
2024-01-30 11:57:28,053: matplotlib.font_manager: WARNING: findfont: Font family 'Arial' not found.
2024-01-30 11:57:28,053: matplotlib.font_manager: WARNING: findfont: Font family 'Arial' not found.
2024-01-30 11:57:28,054: matplotlib.font_manager: WARNING: findfont: Font family 'Arial' not found.
2024-01-30 11:57:28,112: matplotlib.font_manager: WARNING: findfont: Font family 'Arial' not found.
2024-01-30 11:57:28,168: matplotlib.font_manager: WARNING: findfont: Font family 'Arial' not found.
2024-01-30 11:57:28,169: matplotlib.font_manager: WARNING: findfont: Font family 'Arial' not found.
2024-01-30 11:57:28,224: matplotlib.font_manager: WARNING: findfont: Font family 'Arial' not found.
2024-01-30 11:57:28,225: matplotlib.font_manager: WARNING: findfont: Font family 'Arial' not found.
2024-01-30 11:57:28,287: matplotlib.font_manager: WARNING: findfont: Font family 'Arial' not found.
2024-01-30 11:57:28,287: matplotlib.font_manager: WARNING: findfont: Font family 'Arial' not found.
2024-01-30 11:57:28,288: matplotlib.font_manager: WARNING: findfont: Font family 'Arial' not found.
2024-01-30 11:57:28,352: matplotlib.font_manager: WARNING: findfont: Font family 'Arial' not found.
2024-01-30 11:57:28,421: matplotlib.font_manager: WARNING: findfont: Font family 'Arial' not found.
2024-01-30 11:57:28,421: matplotlib.font_manager: WARNING: findfont: Font family 'Arial' not found.
2024-01-30 11:57:28,474: matplotlib.font_manager: WARNING: findfont: Font family 'Arial' not found.
2024-01-30 11:57:28,475: matplotlib.font_manager: WARNING: findfont: Font family 'Arial' not found.
2024-01-30 11:57:28,534: matplotlib.font_manager: WARNING: findfont: Font family 'Arial' not found.
2024-01-30 11:57:28,534: matplotlib.font_manager: WARNING: findfont: Font family 'Arial' not found.
2024-01-30 11:57:28,536: matplotlib.font_manager: WARNING: findfont: Font family 'Arial' not found.
2024-01-30 11:57:28,593: matplotlib.font_manager: WARNING: findfont: Font family 'Arial' not found.
2024-01-30 11:57:28,665: matplotlib.font_manager: WARNING: findfont: Font family 'Arial' not found.
2024-01-30 11:57:28,665: matplotlib.font_manager: WARNING: findfont: Font family 'Arial' not found.
2024-01-30 11:57:28,711: matplotlib.font_manager: WARNING: findfont: Font family 'Arial' not found.
2024-01-30 11:57:28,712: matplotlib.font_manager: WARNING: findfont: Font family 'Arial' not found.
2024-01-30 11:57:28,769: matplotlib.font_manager: WARNING: findfont: Font family 'Arial' not found.
2024-01-30 11:57:28,769: matplotlib.font_manager: WARNING: findfont: Font family 'Arial' not found.
2024-01-30 11:57:28,771: matplotlib.font_manager: WARNING: findfont: Font family 'Arial' not found.
2024-01-30 11:57:28,825: matplotlib.font_manager: WARNING: findfont: Font family 'Arial' not found.
2024-01-30 11:57:29,001: matplotlib.font_manager: WARNING: findfont: Font family 'Arial' not found.
2024-01-30 11:57:29,003: matplotlib.font_manager: WARNING: findfont: Font family 'Arial' not found.
2024-01-30 11:57:29,018: matplotlib.font_manager: WARNING: findfont: Font family 'Arial' not found.
2024-01-30 11:57:29,018: matplotlib.font_manager: WARNING: findfont: Font family 'Arial' not found.
2024-01-30 11:57:29,050: matplotlib.font_manager: WARNING: findfont: Font family 'Arial' not found.
2024-01-30 11:57:29,050: matplotlib.font_manager: WARNING: findfont: Font family 'Arial' not found.
2024-01-30 11:57:29,066: matplotlib.font_manager: WARNING: findfont: Font family 'Arial' not found.
2024-01-30 11:57:29,066: matplotlib.font_manager: WARNING: findfont: Font family 'Arial' not found.
2024-01-30 11:57:29,102: matplotlib.font_manager: WARNING: findfont: Font family 'Arial' not found.
2024-01-30 11:57:29,102: matplotlib.font_manager: WARNING: findfont: Font family 'Arial' not found.
2024-01-30 11:57:29,103: matplotlib.font_manager: WARNING: findfont: Font family 'Arial' not found.
2024-01-30 11:57:29,126: matplotlib.font_manager: WARNING: findfont: Font family 'Arial' not found.
2024-01-30 11:57:29,126: matplotlib.font_manager: WARNING: findfont: Font family 'Arial' not found.
2024-01-30 11:57:29,127: matplotlib.font_manager: WARNING: findfont: Font family 'Arial' not found.
2024-01-30 11:57:29,161: matplotlib.font_manager: WARNING: findfont: Font family 'Arial' not found.
2024-01-30 11:57:29,180: matplotlib.font_manager: WARNING: findfont: Font family 'Arial' not found.
2024-01-30 11:57:29,240: matplotlib.font_manager: WARNING: findfont: Font family 'Arial' not found.
2024-01-30 11:57:29,241: matplotlib.font_manager: WARNING: findfont: Font family 'Arial' not found.
2024-01-30 11:57:29,283: matplotlib.font_manager: WARNING: findfont: Font family 'Arial' not found.
2024-01-30 11:57:29,283: matplotlib.font_manager: WARNING: findfont: Font family 'Arial' not found.
2024-01-30 11:57:29,330: matplotlib.font_manager: WARNING: findfont: Font family 'Arial' not found.
2024-01-30 11:57:29,331: matplotlib.font_manager: WARNING: findfont: Font family 'Arial' not found.
2024-01-30 11:57:29,331: matplotlib.font_manager: WARNING: findfont: Font family 'Arial' not found.
2024-01-30 11:57:29,377: matplotlib.font_manager: WARNING: findfont: Font family 'Arial' not found.
2024-01-30 11:57:29,458: matplotlib.font_manager: WARNING: findfont: Font family 'Arial' not found.
2024-01-30 11:57:29,458: matplotlib.font_manager: WARNING: findfont: Font family 'Arial' not found.
2024-01-30 11:57:29,510: matplotlib.font_manager: WARNING: findfont: Font family 'Arial' not found.
2024-01-30 11:57:29,510: matplotlib.font_manager: WARNING: findfont: Font family 'Arial' not found.
2024-01-30 11:57:29,570: matplotlib.font_manager: WARNING: findfont: Font family 'Arial' not found.
2024-01-30 11:57:29,570: matplotlib.font_manager: WARNING: findfont: Font family 'Arial' not found.
2024-01-30 11:57:29,571: matplotlib.font_manager: WARNING: findfont: Font family 'Arial' not found.
2024-01-30 11:57:29,627: matplotlib.font_manager: WARNING: findfont: Font family 'Arial' not found.
2024-01-30 11:57:29,719: matplotlib.font_manager: WARNING: findfont: Font family 'Arial' not found.
2024-01-30 11:57:29,719: matplotlib.font_manager: WARNING: findfont: Font family 'Arial' not found.
2024-01-30 11:57:29,803: matplotlib.font_manager: WARNING: findfont: Font family 'Arial' not found.
2024-01-30 11:57:29,803: matplotlib.font_manager: WARNING: findfont: Font family 'Arial' not found.
2024-01-30 11:57:29,896: matplotlib.font_manager: WARNING: findfont: Font family 'Arial' not found.
2024-01-30 11:57:29,896: matplotlib.font_manager: WARNING: findfont: Font family 'Arial' not found.
2024-01-30 11:57:29,897: matplotlib.font_manager: WARNING: findfont: Font family 'Arial' not found.
2024-01-30 11:57:29,984: matplotlib.font_manager: WARNING: findfont: Font family 'Arial' not found.
2024-01-30 11:57:30,156: matplotlib.font_manager: WARNING: findfont: Font family 'Arial' not found.
2024-01-30 11:57:30,157: matplotlib.font_manager: WARNING: findfont: Font family 'Arial' not found.
2024-01-30 11:57:30,300: matplotlib.font_manager: WARNING: findfont: Font family 'Arial' not found.
2024-01-30 11:57:30,301: matplotlib.font_manager: WARNING: findfont: Font family 'Arial' not found.
2024-01-30 11:57:30,458: matplotlib.font_manager: WARNING: findfont: Font family 'Arial' not found.
2024-01-30 11:57:30,459: matplotlib.font_manager: WARNING: findfont: Font family 'Arial' not found.
2024-01-30 11:57:30,460: matplotlib.font_manager: WARNING: findfont: Font family 'Arial' not found.
2024-01-30 11:57:30,597: matplotlib.font_manager: WARNING: findfont: Font family 'Arial' not found.
2024-01-30 11:57:30,791: matplotlib.font_manager: WARNING: findfont: Font family 'Arial' not found.
2024-01-30 11:57:30,791: matplotlib.font_manager: WARNING: findfont: Font family 'Arial' not found.
2024-01-30 11:57:30,933: matplotlib.font_manager: WARNING: findfont: Font family 'Arial' not found.
2024-01-30 11:57:30,934: matplotlib.font_manager: WARNING: findfont: Font family 'Arial' not found.
2024-01-30 11:57:31,079: matplotlib.font_manager: WARNING: findfont: Font family 'Arial' not found.
2024-01-30 11:57:31,079: matplotlib.font_manager: WARNING: findfont: Font family 'Arial' not found.
2024-01-30 11:57:31,081: matplotlib.font_manager: WARNING: findfont: Font family 'Arial' not found.
2024-01-30 11:57:31,218: matplotlib.font_manager: WARNING: findfont: Font family 'Arial' not found.
2024-01-30 11:57:31,371: matplotlib.font_manager: WARNING: findfont: Font family 'Arial' not found.
2024-01-30 11:57:31,372: matplotlib.font_manager: WARNING: findfont: Font family 'Arial' not found.
2024-01-30 11:57:31,470: matplotlib.font_manager: WARNING: findfont: Font family 'Arial' not found.
2024-01-30 11:57:31,470: matplotlib.font_manager: WARNING: findfont: Font family 'Arial' not found.
2024-01-30 11:57:31,580: matplotlib.font_manager: WARNING: findfont: Font family 'Arial' not found.
2024-01-30 11:57:31,580: matplotlib.font_manager: WARNING: findfont: Font family 'Arial' not found.
2024-01-30 11:57:31,582: matplotlib.font_manager: WARNING: findfont: Font family 'Arial' not found.
2024-01-30 11:57:31,688: matplotlib.font_manager: WARNING: findfont: Font family 'Arial' not found.
2024-01-30 11:57:31,816: matplotlib.font_manager: WARNING: findfont: Font family 'Arial' not found.
2024-01-30 11:57:31,816: matplotlib.font_manager: WARNING: findfont: Font family 'Arial' not found.
2024-01-30 11:57:31,906: matplotlib.font_manager: WARNING: findfont: Font family 'Arial' not found.
2024-01-30 11:57:31,907: matplotlib.font_manager: WARNING: findfont: Font family 'Arial' not found.
2024-01-30 11:57:32,007: matplotlib.font_manager: WARNING: findfont: Font family 'Arial' not found.
2024-01-30 11:57:32,008: matplotlib.font_manager: WARNING: findfont: Font family 'Arial' not found.
2024-01-30 11:57:32,009: matplotlib.font_manager: WARNING: findfont: Font family 'Arial' not found.
2024-01-30 11:57:32,107: matplotlib.font_manager: WARNING: findfont: Font family 'Arial' not found.
2024-01-30 11:57:32,249: matplotlib.font_manager: WARNING: findfont: Font family 'Arial' not found.
2024-01-30 11:57:32,250: matplotlib.font_manager: WARNING: findfont: Font family 'Arial' not found.
2024-01-30 11:57:32,252: matplotlib.font_manager: WARNING: findfont: Font family 'Arial' not found.
2024-01-30 11:57:32,254: matplotlib.font_manager: WARNING: findfont: Font family 'Arial' not found.
2024-01-30 11:57:32,337: matplotlib.font_manager: WARNING: findfont: Font family 'Arial' not found.
2024-01-30 11:57:32,338: matplotlib.font_manager: WARNING: findfont: Font family 'Arial' not found.
2024-01-30 11:57:32,399: matplotlib.font_manager: WARNING: findfont: Font family 'Arial' not found.
2024-01-30 11:57:32,400: matplotlib.font_manager: WARNING: findfont: Font family 'Arial' not found.
2024-01-30 11:57:32,402: matplotlib.font_manager: WARNING: findfont: Font family 'Arial' not found.
2024-01-30 11:57:32,406: matplotlib.font_manager: WARNING: findfont: Font family 'Arial' not found.
2024-01-30 11:57:32,429: matplotlib.font_manager: WARNING: findfont: Font family 'Arial' not found.
2024-01-30 11:57:32,431: matplotlib.font_manager: WARNING: findfont: Font family 'Arial' not found.
2024-01-30 11:57:32,568: matplotlib.font_manager: WARNING: findfont: Font family 'Arial' not found.
2024-01-30 11:57:32,568: matplotlib.font_manager: WARNING: findfont: Font family 'Arial' not found.
2024-01-30 11:57:32,613: matplotlib.font_manager: WARNING: findfont: Font family 'Arial' not found.
2024-01-30 11:57:32,614: matplotlib.font_manager: WARNING: findfont: Font family 'Arial' not found.
2024-01-30 11:57:32,670: matplotlib.font_manager: WARNING: findfont: Font family 'Arial' not found.
2024-01-30 11:57:32,670: matplotlib.font_manager: WARNING: findfont: Font family 'Arial' not found.
2024-01-30 11:57:32,672: matplotlib.font_manager: WARNING: findfont: Font family 'Arial' not found.
2024-01-30 11:57:32,724: matplotlib.font_manager: WARNING: findfont: Font family 'Arial' not found.
2024-01-30 11:57:32,858: backtest_stats: INFO: Backtest took 0:00:08.927275 for a speed of 0.000
